timestamp_ms,event,gpu0_free_mb
0,model_loaded,25778
0,warmup_start,25778
0,warmup_end,25778
20,calibration_start,20136
150,,20136
186,calibration_end,21640
214,hcs_init_start,21640
351,,616
552,,616
752,,616
953,,616
1153,,616
1354,,616
1490,hcs_init_end,616
1491,validation_start,616
1491,validation_end,616
1555,,616
1755,,616
1956,,616
2157,,616
2358,,616
2492,server_ready,616
2558,,616
2759,,616
2960,,616
3161,,616
3362,,616
3563,,616
3764,,616
3964,,616
4165,,616
4366,,616
4567,,616
4768,,616
4969,,616
5170,,616
5371,,616
5572,,616
5773,,616
5974,,616
6175,,616
6376,,616
6577,,616
6778,,616
6979,,616
7179,,616
7380,,616
7581,,616
7782,,616
7983,,616
8184,,616
8385,,616
8586,,616
8787,,616
8988,,616
9189,,616
9390,,616
9591,,616
9791,,616
9992,,616
10193,,616
10394,,616
10595,,616
10796,,616
10997,,616
11198,,616
11399,,616
11600,,616
11801,,616
12002,,616
12102,prefill_start,616
12203,,616
12403,,616
12604,,616
12805,,616
13005,,616
13206,,616
13406,,616
13607,,616
13798,prefill_end,616
13798,hcs_soft_load_start,616
13798,hcs_soft_load_end,616
13799,decode_start,616
13808,,616
13926,decode_end,568
14008,,568
14209,,568
14250,prefill_start,568
14410,,568
14611,,568
14811,,568
15012,,568
15212,,568
15413,,568
15614,,568
15814,,568
15818,prefill_end,568
15818,hcs_soft_load_start,568
15818,hcs_soft_load_end,568
15818,decode_start,568
15934,decode_end,568
16015,,568
16216,,568
16288,prefill_start,568
16417,,568
16618,,568
16818,,568
17019,,568
17219,,568
17420,,568
17621,,568
17821,,568
18022,,568
18223,,566
18423,,566
18624,,566
18824,,566
19025,,566
19226,,566
19426,,566
19627,,566
19827,,566
20028,,566
20228,,566
20429,,566
20630,,566
20830,,566
21031,,566
21232,,566
21432,,566
21633,,566
21833,,566
22034,,566
22234,,566
22435,,566
22636,,566
22836,,566
23037,,566
23237,,566
23438,,566
23638,,566
23839,,566
24040,,566
24240,,566
24441,,566
24641,,566
24842,,566
25042,,566
25243,,566
25444,,566
25644,,566
25845,,566
26045,,566
26246,,566
26447,,566
26647,,566
26848,,566
27048,,566
27249,,566
27449,,566
27650,,566
27851,,566
28051,,566
28252,,566
28452,,566
28653,,566
28853,,566
28906,prefill_end,566
28906,hcs_soft_load_start,566
28906,hcs_soft_load_end,566
28906,decode_start,566
28906,decode_end,566
29054,,566
29255,,566
29270,prefill_start,566
29456,,566
29657,,566
29857,,566
30058,,566
30259,,566
30459,,566
30660,,566
30860,,566
31061,,566
31261,,566
31462,,566
31663,,566
31863,,566
32064,,566
32264,,566
32465,,566
32665,,566
32866,,566
33066,,566
33267,,566
33468,,566
33668,,566
33869,,566
34069,,566
34270,,566
34471,,566
34671,,566
34872,,566
35072,,566
35273,,566
35473,,566
35674,,566
35875,,566
36075,,566
36276,,566
36476,,566
36677,,566
36878,,566
37078,,566
37279,,566
37479,,566
37680,,566
37880,,566
38081,,566
38282,,566
38482,,566
38683,,566
38883,,566
39084,,566
39284,,566
39485,,566
39686,,566
39886,,566
40087,,566
40287,,566
40488,,566
40688,,566
40889,,566
41090,,566
41290,,566
41491,,566
41691,,566
41892,,566
41897,prefill_end,566
41897,hcs_soft_load_start,566
41897,hcs_soft_load_end,566
41897,decode_start,566
41897,decode_end,566
42093,,566
42253,prefill_start,566
42294,,566
42495,,566
42695,,566
42896,,566
43097,,566
43297,,566
43498,,566
43698,,566
43899,,566
44099,,566
44300,,566
44501,,566
44701,,566
44902,,566
45103,,566
45303,,566
45504,,566
45704,,566
45905,,566
46106,,566
46306,,566
46507,,566
46708,,566
46908,,566
47109,,566
47309,,566
47510,,566
47710,,566
47911,,566
48112,,566
48312,,566
48513,,566
48713,,566
48914,,566
49114,,566
49315,,566
49516,,566
49717,,566
49917,,566
50118,,566
50318,,566
50519,,566
50720,,566
50920,,566
51121,,566
51321,,566
51522,,566
51723,,566
51923,,566
52124,,566
52324,,566
52525,,566
52725,,566
52926,,566
53127,,566
53328,,566
53528,,566
53729,,566
53929,,566
54130,,566
54330,,566
54531,,566
54732,,566
54801,prefill_end,566
54802,hcs_soft_load_start,566
54802,hcs_soft_load_end,566
54802,decode_start,566
54802,decode_end,566
54933,,566
55111,prefill_start,566
55133,,566
55334,,566
55535,,566
55735,,566
55936,,566
56137,,566
56337,,566
56538,,566
56687,prefill_end,566
56688,hcs_soft_load_start,566
56688,hcs_soft_load_end,566
56688,decode_start,566
56739,,566
56939,,566
57140,,566
57340,,566
57400,decode_end,566
57541,,566
57715,prefill_start,566
57742,,566
57943,,566
58143,,566
58344,,566
58544,,566
58745,,566
58946,,566
59146,,566
59301,prefill_end,566
59301,hcs_soft_load_start,566
59301,hcs_soft_load_end,566
59301,decode_start,566
59347,,566
59547,,566
59748,,566
59949,,566
60149,,566
60350,,566
60550,,566
60751,,566
60812,decode_end,566
60952,,566
61153,,566
61213,prefill_start,566
61354,,566
61554,,566
61755,,566
61955,,566
62156,,566
62357,,566
62557,,566
62758,,566
62959,,566
62967,prefill_end,566
62967,hcs_soft_load_start,566
62967,hcs_soft_load_end,566
62967,decode_start,566
63159,,566
63360,,566
63560,,566
63761,,566
63962,,566
64162,,566
64363,,566
64563,,566
64764,,566
64964,,566
65165,,566
65366,,566
65566,,566
65767,,566
65967,,566
66168,,566
66369,,566
66569,,566
66770,,566
66944,decode_end,566
66970,,566
67172,,566
67372,,566
67475,prefill_start,566
67573,,566
67774,,566
67975,,566
68175,,566
68376,,566
68577,,566
68777,,566
68978,,566
69179,,566
69201,prefill_end,566
69202,hcs_soft_load_start,566
69202,hcs_soft_load_end,566
69202,decode_start,566
69202,decode_end,566
69379,,566
69528,prefill_start,566
69580,,566
69781,,566
69982,,566
70182,,566
70383,,566
70584,,566
70784,,566
70985,,566
71185,,566
71265,prefill_end,566
71265,hcs_soft_load_start,566
71265,hcs_soft_load_end,566
71265,decode_start,566
71265,decode_end,566
71386,,566
71587,,566
71613,prefill_start,566
71788,,566
71988,,566
72189,,566
72390,,566
72590,,566
72791,,566
72991,,566
73192,,566
73392,,566
73593,,566
73794,,566
73995,,566
74195,,566
74396,,566
74596,,566
74797,,566
74997,,566
75198,,566
75337,prefill_end,566
75337,hcs_soft_load_start,566
75337,hcs_soft_load_end,566
75337,decode_start,566
75338,decode_end,566
75399,,566
75600,,566
75684,prefill_start,566
75801,,566
76002,,566
76202,,566
76403,,566
76603,,566
76804,,566
77005,,566
77205,,566
77406,,566
77606,,566
77807,,566
78007,,566
78208,,566
78409,,566
78609,,566
78810,,566
79010,,566
79211,,566
79412,,566
79612,,566
79813,,566
80013,,566
80214,,566
80414,,566
80615,,566
80816,,566
81016,,566
81217,,566
81417,,566
81618,,566
81818,,566
82019,,566
82219,,566
82420,,566
82621,,566
82821,,566
83022,,566
83222,,566
83423,,566
83623,,566
83824,,566
84025,,566
84225,,566
84426,,566
84626,,566
84827,,566
84842,prefill_end,566
84842,hcs_soft_load_start,566
84842,hcs_soft_load_end,566
84842,decode_start,566
84842,decode_end,566
85028,,566
85220,prefill_start,566
85229,,566
85430,,566
85630,,566
85831,,566
86032,,566
86232,,566
86433,,566
86634,,566
86834,,566
87035,,566
87235,,566
87436,,566
87636,,566
87837,,566
88038,,566
88238,,566
88439,,566
88639,,566
88840,,566
89040,,566
89241,,566
89441,,566
89642,,566
89843,,566
90043,,566
90244,,566
90444,,566
90645,,566
90845,,566
91046,,566
91247,,566
91447,,566
91648,,566
91848,,566
92049,,566
92249,,566
92450,,566
92651,,566
92851,,566
93052,,566
93252,,566
93453,,566
93653,,566
93854,,566
94055,,566
94255,,566
94456,,566
94657,,566
94857,,566
95058,,566
95258,,566
95459,,566
95660,,566
95860,,566
96061,,566
96261,,566
96462,,566
96662,,566
96863,,566
97064,,566
97264,,566
97465,,566
97665,,566
97866,,566
98066,,566
98267,,566
98468,,566
98668,,566
98869,,566
99069,,566
99270,,566
99471,,566
99671,,566
99872,,566
100072,,566
100273,,566
100473,,566
100674,,566
100875,,566
101075,,566
101276,,566
101476,,566
101677,,566
101878,,566
102078,,566
102279,,566
102479,,566
102680,,566
102880,,566
103081,,566
103282,,566
103482,,566
103683,,566
103883,,566
104084,,566
104284,,566
104485,,566
104686,,566
104886,,566
105087,,566
105287,,566
105488,,566
105689,,566
105889,,566
106090,,566
106291,,566
106462,prefill_end,566
106462,hcs_soft_load_start,566
106462,hcs_soft_load_end,566
106462,decode_start,566
106462,decode_end,566
106492,,566
106692,,566
106893,,566
107088,prefill_start,566
107094,,566
107295,,566
107496,,566
107696,,566
107897,,566
108097,,566
108298,,566
108499,,566
108699,,566
108900,,566
109101,,566
109301,,566
109502,,566
109703,,566
109903,,566
110104,,566
110304,,566
110505,,566
110705,,566
110906,,566
111107,,566
111307,,566
111508,,566
111709,,566
111909,,566
112110,,566
112310,,566
112511,,566
112711,,566
112912,,566
113112,,566
113313,,566
113514,,566
113714,,566
113915,,566
114115,,566
114316,,566
114516,,566
114717,,566
114918,,566
115118,,566
115319,,566
115519,,566
115720,,566
115920,,566
116121,,566
116322,,566
116522,,566
116723,,566
116923,,566
117124,,566
117325,,566
117526,,566
117726,,566
117927,,566
118127,,566
118328,,566
118528,,566
118729,,566
118930,,566
119131,,566
119331,,566
119532,,566
119732,,566
119933,,566
120133,,566
120334,,566
120535,,566
120735,,566
120936,,566
121136,,566
121337,,566
121538,,566
121738,,566
121939,,566
122139,,566
122340,,566
122540,,566
122741,,566
122942,,566
123142,,566
123343,,566
123544,,566
123744,,566
123945,,566
124145,,566
124346,,566
124546,,566
124747,,566
124947,,566
125148,,566
125349,,566
125549,,566
125750,,566
125950,,566
126151,,566
126351,,566
126552,,566
126753,,566
126953,,566
127154,,566
127354,,566
127555,,566
127755,,566
127956,,566
128157,,566
128357,,566
128558,,566
128758,,566
128959,,566
129160,,566
129360,,566
129561,,566
129761,,566
129962,,566
130162,,566
130363,,566
130564,,566
130764,,566
130965,,566
131165,,566
131366,,566
131566,,566
131767,,566
131968,,566
132168,,566
132369,,566
132570,,566
132770,,566
132971,,566
133171,,566
133372,,566
133572,,566
133773,,566
133974,,566
134174,,566
134375,,566
134575,,566
134776,,566
134976,,566
135177,,566
135378,,566
135578,,566
135779,,566
135979,,566
136180,,566
136380,,566
136581,,566
136782,,566
136982,,566
137183,,566
137383,,566
137584,,566
137784,,566
137985,,566
138186,,566
138386,,566
138587,,566
138787,,566
138988,,566
139188,,566
139389,,566
139590,,566
139790,,566
139991,,566
140191,,566
140392,,566
140592,,566
140793,,566
140993,,566
141194,,566
141395,,566
141595,,566
141796,,566
141996,,566
142197,,566
142397,,566
142598,,566
142799,,566
142999,,566
143200,,566
143400,,566
143601,,566
143802,,566
144002,,566
144203,,566
144288,prefill_end,566
144288,hcs_soft_load_start,566
144288,hcs_soft_load_end,566
144288,decode_start,566
144288,decode_end,566
144404,,566
144605,,566
144806,,566
144892,prefill_start,566
145007,,566
145208,,566
145408,,566
145609,,566
145809,,566
146010,,566
146210,,566
146411,,566
146459,prefill_end,566
146459,hcs_soft_load_start,566
146459,hcs_soft_load_end,566
146459,decode_start,566
146612,,566
146813,,566
147013,,566
147204,decode_end,566
147214,,566
147415,,566
147528,prefill_start,566
147616,,566
147816,,566
148017,,566
148217,,566
148418,,566
148618,,566
148819,,566
149020,,566
149211,prefill_end,566
149211,hcs_soft_load_start,566
149211,hcs_soft_load_end,566
149211,decode_start,566
149220,,566
149421,,566
149622,,566
149822,,566
150023,,566
150223,,566
150424,,566
150624,,566
150665,decode_end,566
150825,,566
151026,,566
151133,prefill_start,566
151227,,566
151428,,566
151628,,566
151829,,566
152029,,566
152230,,566
152430,,566
152631,,566
152832,,566
152859,prefill_end,566
152859,hcs_soft_load_start,566
152859,hcs_soft_load_end,566
152859,decode_start,566
153033,,566
153233,,566
153434,,566
153634,,566
153835,,566
154036,,566
154236,,566
154437,,566
154637,,566
154838,,566
155038,,566
155239,,566
155440,,566
155640,,566
155841,,566
156041,,566
156242,,566
156443,,566
156643,,566
156758,decode_end,566
156844,,566
157045,,566
157048,evict_start,566
157048,evict_end,566
157048,prefill_start,566
157245,,566
157446,,566
157646,,566
157847,,566
158047,,566
158248,,566
158449,,566
158621,prefill_end,566
158621,reload_start,566
158621,decode_start,566
158649,,566
158729,decode_end,566
158787,cleanup_end,566
158799,evict_start,566
158799,evict_end,566
158799,prefill_start,566
158850,,566
159050,,566
159251,,566
159452,,566
159652,,566
159853,,566
160054,,566
160254,,566
160428,prefill_end,566
160428,reload_start,566
160429,decode_start,566
160455,,566
160655,,566
160856,,566
161057,,566
161158,decode_end,566
161226,cleanup_end,566
161238,evict_start,566
161238,evict_end,566
161238,prefill_start,566
161257,,566
161458,,566
161658,,566
161859,,566
162059,,566
162260,,566
162461,,566
162661,,566
162811,prefill_end,566
162811,reload_start,566
162811,decode_start,566
162862,,566
163062,,566
163263,,566
163464,,566
163664,,566
163865,,566
164065,,566
164249,decode_end,566
164266,,566
164307,cleanup_end,566
164318,evict_start,566
164318,evict_end,566
164318,prefill_start,566
164467,,566
164667,,566
164868,,566
165068,,566
165269,,566
165470,,566
165670,,566
165871,,566
165893,prefill_end,566
165893,reload_start,566
165893,decode_start,566
166071,,566
166272,,566
166473,,566
166673,,566
166874,,566
167074,,566
167275,,566
167475,,566
167676,,566
167877,,566
168077,,566
168278,,566
168478,,566
168679,,566
168879,,566
169080,,566
169281,,566
169481,,566
169682,,566
169773,decode_end,566
169838,cleanup_end,566
169883,,566
170083,,566
170171,evict_start,566
170171,evict_end,566
170171,prefill_start,566
170284,,566
170484,,566
170685,,566
170886,,566
171086,,566
171287,,566
171487,,566
171688,,566
171787,prefill_end,566
171787,reload_start,566
171787,decode_start,566
171889,,566
171895,decode_end,566
171949,cleanup_end,566
171970,evict_start,566
171970,evict_end,566
171970,prefill_start,566
172089,,566
172290,,566
172491,,566
172691,,566
172892,,566
173092,,566
173293,,566
173493,,566
173549,prefill_end,566
173549,reload_start,566
173549,decode_start,566
173694,,566
173720,decode_end,566
173782,cleanup_end,566
173793,evict_start,566
173793,evict_end,566
173793,prefill_start,566
173895,,566
174095,,566
174296,,566
174497,,566
174697,,566
174898,,566
175099,,566
175299,,566
175404,prefill_end,566
175404,reload_start,566
175404,decode_start,566
175500,,566
175700,,566
175901,,566
175913,decode_end,566
175971,cleanup_end,566
175983,evict_start,566
175983,evict_end,566
175983,prefill_start,566
176101,,566
176302,,566
176503,,566
176703,,566
176904,,566
177104,,566
177305,,566
177506,,566
177551,prefill_end,566
177551,reload_start,566
177551,decode_start,566
177706,,566
177907,,566
178107,,566
178308,,566
178509,,566
178709,,566
178851,decode_end,566
178910,,566
178917,cleanup_end,566
178928,evict_start,566
178928,evict_end,566
178928,prefill_start,566
179110,,566
179311,,566
179512,,566
179712,,566
179913,,566
180113,,566
180314,,566
180515,,566
180549,prefill_end,566
180549,reload_start,566
180549,decode_start,566
180683,decode_end,566
180715,,566
180738,cleanup_end,566
180749,evict_start,566
180749,evict_end,566
180749,prefill_start,566
180916,,566
181116,,566
181318,,566
181518,,566
181719,,566
181920,,566
182120,,566
182311,prefill_end,566
182311,reload_start,566
182311,decode_start,566
182321,,566
182485,decode_end,566
182521,,566
182548,cleanup_end,566
182559,evict_start,566
182559,evict_end,566
182559,prefill_start,566
182722,,566
182923,,566
183123,,566
183324,,566
183524,,566
183725,,566
183926,,566
184126,,566
184188,prefill_end,566
184188,reload_start,566
184188,decode_start,566
184327,,566
184356,decode_end,566
184414,cleanup_end,566
184425,evict_start,566
184425,evict_end,566
184425,prefill_start,566
184527,,566
184728,,566
184929,,566
185129,,566
185330,,566
185530,,566
185731,,566
185932,,566
185983,prefill_end,566
185983,reload_start,566
185983,decode_start,566
186132,,566
186333,,566
186533,,566
186734,,566
186935,,566
187135,,566
187336,,566
187536,,566
187737,,566
187938,,566
188138,,566
188339,,566
188539,,566
188740,,566
188941,,566
189141,,566
189342,,566
189542,,566
189743,,566
189822,decode_end,566
189888,cleanup_end,566
189899,evict_start,566
189899,evict_end,566
189899,prefill_start,566
189944,,566
190144,,566
190345,,566
190545,,566
190746,,566
190947,,566
191147,,566
191348,,566
191527,prefill_end,566
191527,reload_start,566
191527,decode_start,566
191548,,566
191749,,566
191950,,566
192151,,566
192351,,566
192552,,566
192752,,566
192953,,566
193154,,566
193258,decode_end,566
193324,cleanup_end,566
193335,evict_start,566
193335,evict_end,566
193335,prefill_start,566
193354,,566
193555,,566
193755,,566
193956,,566
194157,,566
194357,,566
194558,,566
194758,,566
194956,prefill_end,566
194956,reload_start,566
194956,decode_start,566
194959,,566
195159,,566
195360,,566
195561,,566
195761,,566
195962,,566
196162,,566
196363,,566
196564,,566
196764,,566
196965,,566
197165,,566
197366,,566
197567,,566
197767,,566
197968,,566
198168,,566
198369,,566
198570,,566
198770,,566
198971,,566
199171,,566
199372,,566
199573,,566
199773,,566
199974,,566
200174,,566
200375,,566
200575,,566
200776,,566
200977,,566
201177,,566
201378,,566
201578,,566
201779,,566
201980,,566
202180,,566
202381,,566
202581,,566
202782,,566
202982,,566
203183,,566
203384,,566
203584,,566
203605,decode_end,566
203659,cleanup_end,566
203670,evict_start,566
203670,evict_end,566
203670,prefill_start,566
203785,,566
203985,,566
204186,,566
204387,,566
204587,,566
204788,,566
204989,,566
205189,,566
205235,prefill_end,566
205235,reload_start,566
205235,decode_start,566
205390,,566
205590,,566
205791,,566
205992,,566
206192,,566
206393,,566
206593,,566
206794,,566
206995,,566
207195,,566
207396,,566
207596,,566
207797,,566
207997,,566
208198,,566
208399,,566
208599,,566
208800,,566
209000,,566
209201,,566
209402,,566
209602,,566
209803,,566
209966,decode_end,566
210004,,566
210020,cleanup_end,566
210031,evict_start,566
210031,evict_end,566
210031,prefill_start,566
210204,,566
210405,,566
210606,,566
210806,,566
211007,,566
211207,,566
211408,,566
211589,prefill_end,566
211589,reload_start,566
211590,decode_start,566
211609,,566
211809,,566
212010,,566
212211,,566
212411,,566
212612,,566
212812,,566
213013,,566
213213,,566
213414,,566
213615,,566
213815,,566
214016,,566
214216,,566
214417,,566
214618,,566
214818,,566
215019,,566
215219,,566
215420,,566
215621,,566
215821,,566
216022,,566
216223,,566
216423,,566
216624,,566
216825,,566
217025,,566
217226,,566
217426,,566
217627,,566
217828,,566
218028,,566
218229,,566
218429,,566
218630,,566
218831,,566
219031,,566
219232,,566
219432,,566
219633,,566
219833,,566
220034,,566
220189,decode_end,566
220235,,566
220243,cleanup_end,566
220256,evict_start,566
220256,evict_end,566
220256,prefill_start,566
220435,,566
220636,,566
220836,,566
221037,,566
221238,,566
221438,,566
221639,,566
221839,,566
221846,prefill_end,566
221846,reload_start,566
221846,decode_start,566
222040,,566
222240,,566
222441,,566
222642,,566
222842,,566
223043,,566
223243,,566
223444,,566
223645,,566
223845,,566
224046,,566
224246,,566
224447,,566
224648,,566
224848,,566
225049,,566
225249,,566
225450,,566
225651,,566
225851,,566
226052,,566
226252,,566
226453,,566
226654,,566
226854,,566
227055,,566
227255,,566
227456,,566
227656,,566
227857,,566
228058,,566
228258,,566
228459,,566
228659,,566
228860,,566
229061,,566
229261,,566
229462,,566
229663,,566
229863,,566
230064,,566
230264,,566
230452,decode_end,566
230465,,566
230507,cleanup_end,566
230520,evict_start,566
230520,evict_end,566
230520,prefill_start,566
230665,,566
230866,,566
231067,,566
231267,,566
231468,,566
231668,,566
231869,,566
232070,,566
232129,prefill_end,566
232129,reload_start,566
232129,decode_start,566
232270,,566
232471,,566
232671,,566
232872,,566
233073,,566
233273,,566
233474,,566
233675,,566
233875,,566
234076,,566
234276,,566
234477,,566
234677,,566
234878,,566
235079,,566
235279,,566
235480,,566
235680,,566
235881,,566
236082,,566
236282,,566
236483,,566
236683,,566
236884,,566
237085,,566
237285,,566
237486,,566
237686,,566
237887,,566
238087,,566
238288,,566
238489,,566
238689,,566
238890,,566
239090,,566
239291,,566
239492,,566
239692,,566
239893,,566
240093,,566
240294,,566
240495,,566
240695,,566
240766,decode_end,566
240820,cleanup_end,566
240831,evict_start,566
240831,evict_end,566
240831,prefill_start,566
240896,,566
241096,,566
241297,,566
241498,,566
241698,,566
241899,,566
242099,,566
242300,,566
242390,prefill_end,566
242390,reload_start,566
242390,decode_start,566
242500,,566
242701,,566
242902,,566
243102,,566
243303,,566
243504,,566
243704,,566
243905,,566
244105,,566
244306,,566
244507,,566
244707,,566
244908,,566
245108,,566
245309,,566
245510,,566
245710,,566
245911,,566
246111,,566
246312,,566
246513,,566
246713,,566
246914,,566
247114,,566
247315,,566
247516,,566
247716,,566
247917,,566
248117,,566
248318,,566
248518,,566
248719,,566
248920,,566
249120,,566
249321,,566
249522,,566
249722,,566
249923,,566
250123,,566
250324,,566
250524,,566
250725,,566
250926,,566
251126,,566
251316,decode_end,566
251327,,566
251370,cleanup_end,566
251397,evict_start,566
251397,evict_end,566
251397,prefill_start,566
251527,,566
251728,,566
251929,,566
252129,,566
252330,,566
252531,,566
252731,,566
252932,,566
253042,prefill_end,566
253042,reload_start,566
253042,decode_start,566
253132,,566
253333,,566
253534,,566
253734,,566
253935,,566
254136,,566
254336,,566
254537,,566
254737,,566
254938,,566
255138,,566
255339,,566
255539,,566
255740,,566
255941,,566
256141,,566
256342,,566
256542,,566
256743,,566
256944,,566
257136,decode_end,566
257144,,566
257190,cleanup_end,566
257220,evict_start,566
257220,evict_end,566
257220,prefill_start,566
257345,,566
257545,,566
257746,,566
257947,,566
258147,,566
258348,,566
258549,,566
258749,,566
258950,,566
259150,,566
259351,,566
259552,,566
259752,,566
259953,,566
260153,,566
260354,,566
260554,,566
260696,prefill_end,566
260696,reload_start,566
260696,decode_start,566
260755,,566
260956,,566
261156,,566
261357,,566
261557,,566
261758,,566
261959,,566
262159,,566
262360,,566
262560,,566
262761,,566
262961,,566
263162,,566
263363,,566
263563,,566
263764,,566
263964,,566
264165,,566
264366,,566
264567,,566
264767,,566
264938,decode_end,566
264968,,566
264992,cleanup_end,566
265045,evict_start,566
265045,evict_end,566
265045,prefill_start,566
265168,,566
265369,,566
265569,,566
265770,,566
265971,,566
266171,,566
266372,,566
266573,,566
266773,,566
266974,,566
267174,,566
267375,,566
267576,,566
267776,,566
267977,,566
268178,,566
268378,,566
268579,,566
268779,,566
268980,,566
269181,,566
269381,,566
269582,,566
269782,,566
269983,,566
270184,,566
270384,,566
270585,,566
270785,,566
270986,,566
271186,,566
271387,,566
271588,,566
271788,,566
271989,,566
272189,,566
272390,,566
272591,,566
272791,,566
272992,,566
273192,,566
273393,,566
273594,,566
273794,,566
273995,,566
274195,,566
274396,,566
274597,,566
274797,,566
274998,,566
275198,,566
275399,,566
275599,,566
275800,,566
275967,prefill_end,566
275967,reload_start,566
275967,decode_start,566
276001,,566
276201,,566
276402,,566
276602,,566
276803,,566
277004,,566
277204,,566
277405,,566
277605,,566
277806,,566
278007,,566
278207,,566
278408,,566
278609,,566
278809,,566
279010,,566
279210,,566
279301,decode_end,566
279355,cleanup_end,566
279390,server_shutdown,566
